"frame: Ascending","Average scoreMe","Average target"
1,0,"0.08"
2,"0.02331597222222222","0.08"
3,"0.051423611111111114","0.08"
4,"0.06501736111111112","0.08"
5,"0.06543402777777778","0.08"
6,"0.06614583333333333","0.08"
7,"0.07217013888888889","0.08"
8,"0.07125","0.08"
9,"0.07383680555555555","0.08"
10,"0.07184027777777778","0.08"
11,"0.07184027777777778","0.08"
12,"0.07222222222222222","0.08"
13,"0.07041666666666667","0.08"
14,"0.07289930555555556","0.08"
15,"0.07253472222222222","0.08"
16,"0.07536458333333333","0.08"
17,"0.0759548611111111","0.08"
18,"0.07303819444444444","0.08"
19,"0.07546875","0.08"
20,"0.07385416666666667","0.08"
21,"0.07347222222222222","0.08"
22,"0.07677083333333333","0.08"
23,"0.07611111111111112","0.08"
24,"0.07421875","0.08"
25,"0.0739236111111111","0.08"
26,"0.07574652777777778","0.08"
27,"0.07472222222222222","0.08"
28,"0.07684027777777777","0.08"
29,"0.07824652777777778","0.08"
30,"0.07673611111111112","0.08"
31,"0.07833333333333334","0.08"
32,"0.07607638888888889","0.08"
33,"0.0772048611111111","0.08"
34,"0.07663194444444445","0.08"
35,"0.07866319444444445","0.08"
36,"0.07907986111111111","0.08"
37,"0.079375","0.08"
38,"0.07814236111111111","0.08"
39,"0.07982638888888889","0.08"
40,"0.07751736111111111","0.08"
41,"0.07980902777777778","0.08"
42,"0.07970486111111111","0.08"
43,"0.07996527777777777","0.08"
44,"0.08371527777777778","0.08"
45,"0.07840277777777778","0.08"
46,"0.07810763888888889","0.08"
47,"0.07696180555555555","0.08"
48,"0.07909722222222222","0.08"
49,"0.07779513888888889","0.08"
50,"0.07779513888888889","0.08"
51,"0.07753472222222223","0.08"
52,"0.07982638888888889","0.08"
53,"0.08102430555555555","0.08"
54,"0.07743055555555556","0.08"
55,"0.0817361111111111","0.08"
56,"0.08118055555555556","0.08"
57,"0.07965277777777778","0.08"
58,"0.07835069444444444","0.08"
59,"0.08307291666666666","0.08"
60,"0.08078125","0.08"
61,"0.07871527777777777","0.08"
62,"0.08128472222222222","0.08"
63,"0.08277777777777778","0.08"
64,"0.08458333333333333","0.08"
65,"0.08465277777777777","0.08"
66,"0.08553819444444444","0.08"
67,"0.08559027777777778","0.08"
68,"0.08638888888888889","0.08"
69,"0.08828125","0.08"
70,"0.09298611111111112","0.08"
71,"0.09050347222222223","0.08"
72,"0.09017361111111111","0.08"
73,"0.09003472222222222","0.08"
74,"0.09416666666666666","0.08"
75,"0.09038194444444445","0.08"
76,"0.08694444444444445","0.08"
77,"0.0913888888888889","0.08"
78,"0.09177083333333333","0.08"
79,"0.0920138888888889","0.08"
80,"0.08378472222222222","0.08"
81,"0.09074652777777778","0.08"
82,"0.08918402777777777","0.08"
83,"0.08904513888888889","0.08"
84,"0.08821180555555555","0.08"
85,"0.08451388888888889","0.08"
86,"0.08678819444444444","0.08"
87,"0.08911458333333333","0.08"
88,"0.08774305555555556","0.08"
89,"0.08277777777777778","0.08"
90,"0.08241319444444445","0.08"
91,"0.08640625","0.08"
92,"0.08703125","0.08"
93,"0.08609375","0.08"
94,"0.09019097222222222","0.08"
95,"0.07869791666666667","0.08"
96,"0.08088541666666667","0.08"
97,"0.07380208333333334","0.08"
98,"0.06800347222222222","0.08"
99,"0.06890625","0.08"
100,"0.07395833333333333","0.08"
101,"0.07017361111111112","0.08"
102,"0.06697916666666667","0.08"
103,"0.06993055555555555","0.08"
104,"0.07159722222222223","0.08"
105,"0.06657986111111111","0.08"
106,"0.07227430555555556","0.08"
107,"0.07385416666666667","0.08"
108,"0.07298611111111111","0.08"
109,"0.07494791666666667","0.08"
110,"0.07614583333333333","0.08"
111,"0.07831597222222222","0.08"
112,"0.07611111111111112","0.08"
113,"0.07704861111111111","0.08"
114,"0.07928819444444445","0.08"
115,"0.07732638888888889","0.08"
116,"0.07925347222222222","0.08"
117,"0.07526041666666666","0.08"
118,"0.0790451388888889","0.08"
119,"0.07956597222222223","0.08"
120,"0.08251736111111112","0.08"
121,"0.08121527777777778","0.08"
122,"0.08352430555555555","0.08"
123,"0.08361111111111111","0.08"
124,"0.07984375","0.08"
125,"0.07519097222222222","0.08"
126,"0.07946180555555556","0.08"
127,"0.07960069444444444","0.08"
128,"0.08135416666666667","0.08"
129,"0.08022569444444444","0.08"
130,"0.07666666666666666","0.08"
131,"0.07809027777777777","0.08"
132,"0.08333333333333333","0.08"
133,"0.08013888888888888","0.08"
134,"0.07963541666666667","0.08"
135,"0.07913194444444445","0.08"
136,"0.08008680555555556","0.08"
137,"0.08331597222222223","0.08"
138,"0.08020833333333334","0.08"
139,"0.08237847222222222","0.08"
140,"0.07979166666666666","0.08"
141,"0.08300347222222222","0.08"
142,"0.07618055555555556","0.08"
143,"0.08130208333333333","0.08"
144,"0.08696180555555555","0.08"
145,"0.08555555555555555","0.08"
146,"0.08199652777777777","0.08"
147,"0.08024305555555555","0.08"
148,"0.0796875","0.08"
149,"0.08104166666666666","0.08"
150,"0.07869791666666667","0.08"
151,"0.07907986111111111","0.08"
152,"0.08050347222222222","0.08"
153,"0.07965277777777778","0.08"
154,"0.07654513888888889","0.08"
155,"0.07520833333333334","0.08"
156,"0.08227430555555555","0.08"
157,"0.08298611111111111","0.08"
158,"0.08246527777777778","0.08"
159,"0.07692708333333333","0.08"
160,"0.08131944444444444","0.08"
161,"0.08045138888888889","0.08"
162,"0.08498263888888889","0.08"
163,"0.08428819444444445","0.08"
164,"0.07770833333333334","0.08"
165,"0.07592013888888889","0.08"
166,"0.07928819444444445","0.08"
167,"0.08706597222222222","0.08"
168,"0.07972222222222222","0.08"
169,"0.07694444444444444","0.08"
170,"0.08072916666666667","0.08"
171,"0.0853125","0.08"
172,"0.07730902777777778","0.08"
173,"0.08145833333333333","0.08"
174,"0.08041666666666666","0.08"
175,"0.084375","0.08"
176,"0.08487847222222222","0.08"
177,"0.08635416666666666","0.08"
178,"0.08213541666666667","0.08"
179,"0.07989583333333333","0.08"
180,"0.07880208333333333","0.08"
181,"0.07567708333333334","0.08"
182,"0.08189236111111112","0.08"
183,"0.08147569444444444","0.08"
184,"0.08008680555555556","0.08"
185,"0.08189236111111112","0.08"
186,"0.07585069444444445","0.08"
187,"0.07565972222222223","0.08"
188,"0.07776041666666667","0.08"
189,"0.07895833333333334","0.08"
190,"0.0772048611111111","0.08"
191,"0.07673611111111112","0.08"
192,"0.07861111111111112","0.08"
193,"0.08642361111111112","0.08"
194,"0.08154513888888888","0.08"
195,"0.07861111111111112","0.08"
196,"0.07993055555555556","0.08"
197,"0.08763888888888889","0.08"
198,"0.08307291666666666","0.08"
199,"0.08585069444444444","0.08"
200,"0.08592013888888889","0.08"
201,"0.08352430555555555","0.08"
202,"0.08046875","0.08"
203,"0.08284722222222222","0.08"
204,"0.07925347222222222","0.08"
205,"0.07883680555555556","0.08"
206,"0.07791666666666666","0.08"
207,"0.0771875","0.08"
208,"0.0784375","0.08"
209,"0.0784201388888889","0.08"
210,"0.074375","0.08"
211,"0.07501736111111111","0.08"
212,"0.07381944444444444","0.08"
213,"0.071875","0.08"
214,"0.07295138888888889","0.08"
215,"0.07404513888888889","0.08"
216,"0.07456597222222222","0.08"
217,"0.07543402777777777","0.08"
218,"0.07376736111111111","0.08"
219,"0.07298611111111111","0.08"
220,"0.07414930555555556","0.08"
221,"0.07545138888888889","0.08"
222,"0.07640625","0.08"
223,"0.07755208333333333","0.08"
224,"0.07732638888888889","0.08"
225,"0.07598958333333333","0.08"
226,"0.07413194444444444","0.08"
227,"0.07565972222222223","0.08"
228,"0.07166666666666667","0.08"
229,"0.07074652777777778","0.08"
230,"0.07133680555555555","0.08"
231,"0.06609375","0.08"
232,"0.06602430555555555","0.08"
233,"0.06836805555555556","0.08"
234,"0.07263888888888889","0.08"
235,"0.07296875","0.08"
236,"0.07680555555555556","0.08"
237,"0.07685763888888889","0.08"
238,"0.07706597222222222","0.08"
239,"0.07826388888888888","0.08"
240,"0.07998263888888889","0.08"
241,"0.07979166666666666","0.08"
242,"0.08064236111111112","0.08"
243,"0.08131944444444444","0.08"
244,"0.08359375","0.08"
245,"0.08227430555555555","0.08"
246,"0.08024305555555555","0.08"
247,"0.07833333333333334","0.08"
248,"0.08138888888888889","0.08"
249,"0.07963541666666667","0.08"
250,"0.08555555555555555","0.08"
251,"0.08008680555555556","0.08"
252,"0.07732638888888889","0.08"
253,"0.07640625","0.08"
254,"0.08140625","0.08"
255,"0.08296875","0.08"
256,"0.08135416666666667","0.08"
257,"0.07666666666666666","0.08"
258,"0.07817708333333333","0.08"
259,"0.07425347222222223","0.08"
260,"0.07859375","0.08"
261,"0.08449652777777777","0.08"
262,"0.07909722222222222","0.08"
263,"0.08447916666666666","0.08"
264,"0.07401041666666666","0.08"
265,"0.08013888888888888","0.08"
266,"0.08472222222222223","0.08"
267,"0.08215277777777778","0.08"
268,"0.0796875","0.08"
269,"0.08614583333333334","0.08"
270,"0.09029513888888889","0.08"
271,"0.08421875","0.08"
272,"0.07871527777777777","0.08"
273,"0.08065972222222222","0.08"
274,"0.07470486111111112","0.08"
275,"0.08560763888888889","0.08"
276,"0.08256944444444445","0.08"
277,"0.07482638888888889","0.08"
278,"0.08414930555555555","0.08"
279,"0.08737847222222223","0.08"
280,"0.07913194444444445","0.08"
281,"0.08258680555555556","0.08"
282,"0.08703125","0.08"
283,"0.08543402777777778","0.08"
284,"0.08689236111111111","0.08"
285,"0.07777777777777778","0.08"
286,"0.07866319444444445","0.08"
287,"0.07430555555555556","0.08"
288,"0.08223958333333334","0.08"
289,"0.07920138888888889","0.08"
290,"0.08067708333333333","0.08"
291,"0.09166666666666666","0.08"
292,"0.08831597222222222","0.08"
293,"0.08097222222222222","0.08"
294,"0.08373263888888889","0.08"
295,"0.08289930555555555","0.08"
296,"0.08199652777777777","0.08"
297,"0.07295138888888889","0.08"
298,"0.08088541666666667","0.08"
299,"0.07960069444444444","0.08"
300,"0.08793402777777778","0.08"
301,"0.07480902777777777","0.08"
302,"0.0759548611111111","0.08"
303,"0.08050347222222222","0.08"
304,"0.08524305555555556","0.08"
305,"0.08631944444444445","0.08"
306,"0.08381944444444445","0.08"
307,"0.07803819444444444","0.08"
308,"0.08517361111111112","0.08"
309,"0.07029513888888889","0.08"
310,"0.07980902777777778","0.08"
311,"0.08635416666666666","0.08"
312,"0.08010416666666667","0.08"
313,"0.08277777777777778","0.08"
314,"0.0909548611111111","0.08"
315,"0.08178819444444445","0.08"
316,"0.08105902777777778","0.08"
317,"0.08625","0.08"
318,"0.08369791666666666","0.08"
319,"0.08003472222222222","0.08"
320,"0.0770138888888889","0.08"
321,"0.08229166666666667","0.08"
322,"0.0770138888888889","0.08"
323,"0.08197916666666667","0.08"
324,"0.07897569444444444","0.08"
325,"0.07609375","0.08"
326,"0.080625","0.08"
327,"0.07583333333333334","0.08"
328,"0.08355902777777778","0.08"
329,"0.08196180555555556","0.08"
330,"0.08164930555555555","0.08"
331,"0.08239583333333333","0.08"
332,"0.07711805555555555","0.08"
333,"0.07428819444444444","0.08"
334,"0.07465277777777778","0.08"
335,"0.08104166666666666","0.08"
336,"0.08300347222222222","0.08"
337,"0.08217013888888888","0.08"
338,"0.07255208333333334","0.08"
339,"0.07918402777777778","0.08"
340,"0.07673611111111112","0.08"
341,"0.07739583333333333","0.08"
342,"0.07815972222222223","0.08"
343,"0.07925347222222222","0.08"
344,"0.07895833333333334","0.08"
345,"0.07703125","0.08"
346,"0.07704861111111111","0.08"
347,"0.08388888888888889","0.08"
348,"0.07819444444444444","0.08"
349,"0.08041666666666666","0.08"
350,"0.0778298611111111","0.08"
351,"0.0775","0.08"
352,"0.08135416666666667","0.08"
353,"0.08052083333333333","0.08"
354,"0.07732638888888889","0.08"
355,"0.07609375","0.08"
356,"0.08322916666666667","0.08"
357,"0.07484375","0.08"
358,"0.08171875","0.08"
359,"0.07534722222222222","0.08"
360,"0.08407986111111111","0.08"
361,"0.08125","0.08"
362,"0.07659722222222222","0.08"
363,"0.08152777777777778","0.08"
364,"0.08064236111111112","0.08"
365,"0.08225694444444444","0.08"
366,"0.08328125","0.08"
367,"0.07467013888888889","0.08"
368,"0.07256944444444445","0.08"
369,"0.07534722222222222","0.08"
370,"0.07892361111111111","0.08"
371,"0.07598958333333333","0.08"
372,"0.07480902777777777","0.08"
373,"0.0775","0.08"
374,"0.08083333333333333","0.08"
375,"0.08262152777777777","0.08"
376,"0.07581597222222222","0.08"
377,"0.08720486111111111","0.08"
378,"0.07836805555555555","0.08"
379,"0.0792361111111111","0.08"
380,"0.07309027777777778","0.08"
381,"0.07637152777777778","0.08"
382,"0.0709375","0.08"
383,"0.0828125","0.08"
384,"0.08026041666666667","0.08"
385,"0.08006944444444444","0.08"
386,"0.07954861111111111","0.08"
387,"0.08345486111111111","0.08"
388,"0.07571180555555555","0.08"
389,"0.08008680555555556","0.08"
390,"0.08241319444444445","0.08"
391,"0.07614583333333333","0.08"
392,"0.07541666666666667","0.08"
393,"0.07479166666666667","0.08"
394,"0.07199652777777778","0.08"
395,"0.07762152777777778","0.08"
396,"0.07779513888888889","0.08"
397,"0.08336805555555556","0.08"
398,"0.08251736111111112","0.08"
399,"0.07817708333333333","0.08"
400,"0.0815625","0.01"
401,"0.08288194444444444","0.01"
402,"0.06786458333333334","0.01"
403,"0.061024305555555554","0.01"
404,"0.057951388888888886","0.01"
405,"0.042256944444444444","0.01"
406,"0.030989583333333334","0.01"
407,"0.0234375","0.01"
408,"0.019583333333333335","0.01"
409,"0.014270833333333333","0.01"
410,"0.01328125","0.01"
411,"0.007760416666666666","0.01"
412,"0.011979166666666667","0.01"
413,"0.012517361111111111","0.01"
414,"0.008125","0.01"
415,"0.00578125","0.01"
416,"0.010121527777777778","0.01"
417,"0.011996527777777778","0.01"
418,"0.014149305555555556","0.01"
419,"0.011944444444444445","0.01"
420,"0.011076388888888889","0.01"
421,"0.008732638888888889","0.01"
422,"0.009427083333333334","0.01"
423,"0.005138888888888889","0.01"
424,"0.007552083333333333","0.01"
425,"0.011128472222222222","0.01"
426,"0.01328125","0.01"
427,"0.010850694444444444","0.01"
428,"0.009583333333333333","0.01"
429,"0.010277777777777778","0.01"
430,"0.00734375","0.01"
431,"0.012916666666666667","0.01"
432,"0.013159722222222222","0.01"
433,"0.011788194444444445","0.01"
434,"0.008559027777777778","0.01"
435,"0.0069791666666666665","0.01"
436,"0.007065972222222223","0.01"
437,"0.012951388888888889","0.01"
438,"0.014131944444444445","0.01"
439,"0.005711805555555556","0.01"
440,"0.0078125","0.01"
441,"0.010590277777777778","0.01"
442,"0.011267361111111112","0.01"
443,"0.010868055555555556","0.01"
444,"0.011354166666666667","0.01"
445,"0.007309027777777778","0.01"
446,"0.006493055555555556","0.01"
447,"0.007951388888888888","0.01"
448,"0.0090625","0.01"
449,"0.014704861111111111","0.01"
450,"0.013333333333333334","0.01"
451,"0.013888888888888888","0.01"
452,"0.01189236111111111","0.01"
453,"0.007256944444444444","0.01"
454,"0.006614583333333333","0.01"
455,"0.00734375","0.01"
456,"0.008663194444444444","0.01"
457,"0.013472222222222222","0.01"
458,"0.012777777777777779","0.01"
459,"0.009496527777777777","0.01"
460,"0.006319444444444444","0.01"
461,"0.0065625","0.01"
462,"0.010138888888888888","0.01"
463,"0.012430555555555556","0.01"
464,"0.01310763888888889","0.01"
465,"0.011319444444444444","0.01"
466,"0.007847222222222222","0.01"
467,"0.009079861111111111","0.01"
468,"0.010711805555555556","0.01"
469,"0.009774305555555555","0.01"
470,"0.010416666666666666","0.01"
471,"0.010920138888888889","0.01"
472,"0.008663194444444444","0.01"
473,"0.010590277777777778","0.01"
474,"0.00890625","0.01"
475,"0.008628472222222221","0.01"
476,"0.01123263888888889","0.01"
477,"0.012413194444444444","0.01"
478,"0.010815972222222222","0.01"
479,"0.008541666666666666","0.01"
480,"0.008541666666666666","0.01"
481,"0.010277777777777778","0.01"
482,"0.011597222222222222","0.01"
483,"0.010555555555555556","0.01"
484,"0.011979166666666667","0.01"
485,"0.010243055555555556","0.01"
486,"0.009270833333333334","0.01"
487,"0.0096875","0.01"
488,"0.008715277777777778","0.01"
489,"0.0065625","0.01"
490,"0.009600694444444445","0.01"
491,"0.01078125","0.01"
492,"0.012708333333333334","0.01"
493,"0.011163194444444444","0.01"
494,"0.011284722222222222","0.01"
495,"0.012569444444444444","0.01"
496,"0.010677083333333334","0.01"
497,"0.008628472222222221","0.01"
498,"0.008229166666666666","0.01"
499,"0.010833333333333334","0.01"
500,"0.010572916666666666","0.01"
501,"0.011163194444444444","0.01"
502,"0.010052083333333333","0.01"
503,"0.007291666666666667","0.01"
504,"0.0077083333333333335","0.01"
505,"0.014496527777777778","0.01"
506,"0.014982638888888889","0.01"
507,"0.009600694444444445","0.01"
508,"0.004826388888888889","0.01"
509,"0.007604166666666667","0.01"
510,"0.013854166666666667","0.01"
511,"0.01515625","0.01"
512,"0.009027777777777777","0.01"
513,"0.0078125","0.01"
514,"0.008350694444444445","0.01"
515,"0.010086805555555555","0.01"
516,"0.011493055555555555","0.01"
517,"0.012430555555555556","0.01"
518,"0.009270833333333334","0.01"
519,"0.009756944444444445","0.01"
520,"0.006145833333333333","0.01"
521,"0.007013888888888889","0.01"
522,"0.012239583333333333","0.01"
523,"0.015086805555555555","0.01"
524,"0.01204861111111111","0.01"
525,"0.00890625","0.01"
526,"0.005225694444444444","0.01"
527,"0.0038541666666666668","0.01"
528,"0.012517361111111111","0.01"
529,"0.015729166666666666","0.01"
530,"0.01361111111111111","0.01"
531,"0.00970486111111111","0.01"
532,"0.005920138888888889","0.01"
533,"0.004392361111111111","0.01"
534,"0.008697916666666666","0.01"
535,"0.012291666666666666","0.01"
536,"0.012378472222222223","0.01"
537,"0.018072916666666668","0.01"
538,"0.01138888888888889","0.01"
539,"0.004913194444444445","0.01"
540,"0.004704861111111111","0.01"
541,"0.0065625","0.01"
542,"0.01421875","0.01"
543,"0.014670138888888889","0.01"
544,"0.0115625","0.01"
545,"0.007152777777777778","0.01"
546,"0.0067708333333333336","0.01"
547,"0.008559027777777778","0.01"
548,"0.015590277777777778","0.01"
549,"0.011927083333333333","0.01"
550,"0.007517361111111111","0.01"
551,"0.004635416666666667","0.01"
552,"0.01595486111111111","0.01"
553,"0.010607638888888889","0.01"
554,"0.010260416666666666","0.01"
555,"0.007326388888888889","0.01"
556,"0.010138888888888888","0.01"
557,"0.011597222222222222","0.01"
558,"0.013055555555555556","0.01"
559,"0.00703125","0.01"
560,"0.0072743055555555556","0.01"
561,"0.006944444444444444","0.01"
562,"0.01189236111111111","0.01"
563,"0.014010416666666666","0.01"
564,"0.012222222222222223","0.01"
565,"0.009392361111111112","0.01"
566,"0.0065625","0.01"
567,"0.006267361111111111","0.01"
568,"0.012447916666666666","0.01"
569,"0.011805555555555555","0.01"
570,"0.008888888888888889","0.01"
571,"0.00765625","0.01"
572,"0.01703125","0.01"
573,"0.011597222222222222","0.01"
574,"0.00703125","0.01"
575,"0.00390625","0.01"
576,"0.009253472222222222","0.01"
577,"0.012378472222222223","0.01"
578,"0.011111111111111112","0.01"
579,"0.012552083333333333","0.01"
580,"0.008611111111111111","0.01"
581,"0.008107638888888888","0.01"
582,"0.00984375","0.01"
583,"0.010243055555555556","0.01"
584,"0.009583333333333333","0.01"
585,"0.008819444444444444","0.01"
586,"0.011579861111111112","0.01"
587,"0.012673611111111111","0.01"
588,"0.011979166666666667","0.01"
589,"0.006388888888888889","0.01"
590,"0.007447916666666667","0.01"
591,"0.009982638888888888","0.01"
592,"0.012847222222222222","0.01"
593,"0.010399305555555556","0.01"
594,"0.011788194444444445","0.01"
595,"0.008177083333333333","0.01"
596,"0.007517361111111111","0.01"
597,"0.009878472222222223","0.01"
598,"0.013489583333333333","0.01"
599,"0.010295138888888888","0.01"
600,"0.008993055555555556","0.01"
601,"0.009427083333333334","0.01"
602,"0.011510416666666667","0.01"
603,"0.011423611111111112","0.01"
604,"0.010659722222222221","0.01"
605,"0.010277777777777778","0.01"
606,"0.004322916666666667","0.01"
607,"0.005295138888888889","0.01"
608,"0.011666666666666667","0.01"
609,"0.012725694444444444","0.01"
610,"0.0153125","0.01"
611,"0.00951388888888889","0.01"
612,"0.006284722222222222","0.01"
613,"0.00782986111111111","0.01"
614,"0.010642361111111111","0.01"
615,"0.010798611111111111","0.01"
616,"0.00798611111111111","0.01"
617,"0.008125","0.01"
618,"0.010954861111111111","0.01"
619,"0.012986111111111111","0.01"
620,"0.014965277777777777","0.01"
621,"0.008958333333333334","0.01"
622,"0.009114583333333334","0.01"
623,"0.009375","0.01"
624,"0.00859375","0.01"
625,"0.007638888888888889","0.01"
626,"0.005052083333333333","0.01"
627,"0.012725694444444444","0.01"
628,"0.01630208333333333","0.01"
629,"0.013993055555555555","0.01"
630,"0.02050347222222222","0.01"
631,"0.01940972222222222","0.01"
632,0,"0.01"
633,0,"0.01"
634,0,"0.01"
635,"0.0069097222222222225","0.01"
636,"0.013784722222222223","0.01"
637,"0.015399305555555555","0.01"
638,"0.015711805555555555","0.01"
639,"0.0090625","0.01"
640,"0.003142361111111111","0.01"
641,"0.005190972222222222","0.01"
642,"0.011857638888888888","0.01"
643,"0.017881944444444443","0.01"
644,"0.012725694444444444","0.01"
645,"0.003472222222222222","0.01"
646,"0.003003472222222222","0.01"
647,"0.009565972222222222","0.01"
648,"0.017604166666666667","0.01"
649,"0.016927083333333332","0.01"
650,"0.01326388888888889","0.01"
651,"0.0038541666666666668","0.01"
652,0,"0.01"
653,"0.007326388888888889","0.01"
654,"0.012899305555555556","0.01"
655,"0.013888888888888888","0.01"
656,"0.01628472222222222","0.01"
657,"0.00953125","0.01"
658,"0.010677083333333334","0.01"
659,"0.0066840277777777775","0.01"
660,"0.008038194444444445","0.01"
661,"0.009305555555555555","0.01"
662,"0.008263888888888888","0.01"
663,"0.009184027777777777","0.01"
664,"0.009479166666666667","0.01"
665,"0.00951388888888889","0.01"
666,"0.010121527777777778","0.01"
667,"0.011267361111111112","0.01"
668,"0.010902777777777779","0.01"
669,"0.010572916666666666","0.01"
670,"0.009149305555555556","0.01"
671,"0.009756944444444445","0.01"
672,"0.011059027777777777","0.01"
673,"0.009375","0.01"
674,"0.011597222222222222","0.01"
675,"0.009618055555555555","0.01"
676,"0.009010416666666667","0.01"
677,"0.010034722222222223","0.01"
678,"0.010972222222222222","0.01"
679,"0.009982638888888888","0.01"
680,"0.011163194444444444","0.01"
681,"0.012847222222222222","0.01"
682,"0.010642361111111111","0.01"
683,"0.009600694444444445","0.01"
684,"0.0059375","0.01"
685,"0.006128472222222223","0.01"
686,"0.008819444444444444","0.01"
687,"0.01423611111111111","0.01"
688,"0.011614583333333333","0.01"
689,"0.010555555555555556","0.01"
690,"0.008211805555555556","0.01"
691,"0.009253472222222222","0.01"
692,"0.010746527777777778","0.01"
693,"0.010694444444444444","0.01"
694,"0.010052083333333333","0.01"
695,"0.008246527777777778","0.01"
696,"0.011197916666666667","0.01"
697,"0.011770833333333333","0.01"
698,"0.011579861111111112","0.01"
699,"0.008229166666666666","0.01"
700,"0.008940972222222222","0.01"
701,"0.00967013888888889","0.01"
702,"0.010069444444444445","0.01"
703,"0.010677083333333334","0.01"
704,"0.010208333333333333","0.01"
705,"0.010295138888888888","0.01"
706,"0.009930555555555555","0.01"
707,"0.009565972222222222","0.01"
708,"0.009253472222222222","0.01"
709,"0.007638888888888889","0.01"
710,"0.011493055555555555","0.01"
711,"0.011944444444444445","0.01"
712,"0.010694444444444444","0.01"
713,"0.009236111111111112","0.01"
714,"0.007326388888888889","0.01"
715,"0.00671875","0.01"
716,"0.008802083333333334","0.01"
717,"0.009583333333333333","0.01"
718,"0.010798611111111111","0.01"
719,"0.011961805555555555","0.01"
720,"0.010364583333333333","0.01"
721,"0.010086805555555555","0.01"
722,"0.011197916666666667","0.01"
723,"0.008454861111111111","0.01"
724,"0.00875","0.01"
725,"0.011684027777777778","0.01"
726,"0.0084375","0.01"
727,"0.009496527777777777","0.01"
728,"0.010694444444444444","0.01"
729,"0.010798611111111111","0.01"
730,"0.009600694444444445","0.01"
731,"0.00953125","0.01"
732,"0.010347222222222223","0.01"
733,"0.009635416666666667","0.01"
734,"0.009392361111111112","0.01"
735,"0.012777777777777779","0.01"
736,"0.012256944444444445","0.01"
737,"0.008888888888888889","0.01"
738,"0.007465277777777778","0.01"
739,"0.005954861111111111","0.01"
740,"0.009270833333333334","0.01"
741,"0.009322916666666667","0.01"
742,"0.012239583333333333","0.01"
743,"0.01203125","0.01"
744,"0.009166666666666667","0.01"
745,"0.009739583333333333","0.01"
746,"0.012239583333333333","0.01"
747,"0.010486111111111111","0.01"
748,"0.010416666666666666","0.01"
749,"0.012482638888888889","0.01"
750,"0.010503472222222223","0.01"
751,"0.009618055555555555","0.01"
752,"0.010659722222222221","0.01"
753,"0.010677083333333334","0.01"
754,"0.008506944444444444","0.01"
755,"0.01015625","0.01"
756,"0.00970486111111111","0.01"
757,"0.008715277777777778","0.01"
758,"0.008194444444444445","0.01"
759,"0.00859375","0.01"
760,"0.013836805555555555","0.01"
761,"0.012309027777777778","0.01"
762,"0.009479166666666667","0.01"
763,"0.008524305555555556","0.01"
764,"0.00765625","0.01"
765,"0.006736111111111111","0.01"
766,"0.010277777777777778","0.01"
767,"0.012256944444444445","0.01"
768,"0.015590277777777778","0.01"
769,"0.012239583333333333","0.01"
770,"0.004548611111111111","0.01"
771,"0.004635416666666667","0.01"
772,"0.008159722222222223","0.01"
773,"0.014322916666666666","0.01"
774,"0.014097222222222223","0.01"
775,"0.010711805555555556","0.01"
776,"0.00703125","0.01"
777,"0.010121527777777778","0.01"
778,"0.010989583333333334","0.01"
779,"0.009305555555555555","0.01"
780,"0.010034722222222223","0.01"
781,"0.01078125","0.01"
782,"0.010763888888888889","0.01"
783,"0.008576388888888889","0.01"
784,"0.011336805555555555","0.01"
785,"0.010694444444444444","0.01"
786,"0.009131944444444444","0.01"
787,"0.009045138888888889","0.01"
788,"0.009461805555555555","0.01"
789,"0.011927083333333333","0.01"
790,"0.011944444444444445","0.01"
791,"0.006527777777777778","0.01"
792,"0.007447916666666667","0.01"
793,"0.010121527777777778","0.01"
794,"0.0134375","0.01"
795,"0.009947916666666667","0.01"
796,"0.00967013888888889","0.01"
797,"0.009652777777777777","0.01"
798,"0.010190972222222223","0.01"
799,"0.008559027777777778","0.01"
800,"0.010416666666666666","0.05"
801,"0.01189236111111111","0.05"
802,"0.02751736111111111","0.05"
803,"0.04446180555555555","0.05"
804,"0.051631944444444446","0.05"
805,"0.05185763888888889","0.05"
806,"0.053020833333333336","0.05"
807,"0.052256944444444446","0.05"
808,"0.05178819444444444","0.05"
809,"0.04640625","0.05"
810,"0.04888888888888889","0.05"
811,"0.048993055555555554","0.05"
812,"0.05081597222222222","0.05"
813,"0.04972222222222222","0.05"
814,"0.04840277777777778","0.05"
815,"0.04845486111111111","0.05"
816,"0.053211805555555554","0.05"
817,"0.05333333333333334","0.05"
818,"0.051666666666666666","0.05"
819,"0.050763888888888886","0.05"
820,"0.04604166666666667","0.05"
821,"0.05192708333333333","0.05"
822,"0.04887152777777778","0.05"
823,"0.05319444444444445","0.05"
824,"0.049166666666666664","0.05"
825,"0.04895833333333333","0.05"
826,"0.04517361111111111","0.05"
827,"0.04942708333333334","0.05"
828,"0.05295138888888889","0.05"
829,"0.051493055555555556","0.05"
830,"0.050381944444444444","0.05"
831,"0.049444444444444444","0.05"
832,"0.0521875","0.05"
833,"0.04604166666666667","0.05"
834,"0.05112847222222222","0.05"
835,"0.053072916666666664","0.05"
836,"0.054600694444444445","0.05"
837,"0.051354166666666666","0.05"
838,"0.04796875","0.05"
839,"0.04560763888888889","0.05"
840,"0.048993055555555554","0.05"
841,"0.04967013888888889","0.05"
842,"0.050208333333333334","0.05"
843,"0.048993055555555554","0.05"
844,"0.048993055555555554","0.05"
845,"0.05168402777777778","0.05"
846,"0.050208333333333334","0.05"
847,"0.04920138888888889","0.05"
848,"0.05168402777777778","0.05"
849,"0.05005208333333333","0.05"
850,"0.04890625","0.05"
851,"0.04923611111111111","0.05"
852,"0.047239583333333335","0.05"
853,"0.044756944444444446","0.05"
854,"0.045746527777777775","0.05"
855,"0.04918402777777778","0.05"
856,"0.04770833333333333","0.05"
857,"0.04873263888888889","0.05"
858,"0.04894097222222222","0.05"
859,"0.05078125","0.05"
860,"0.04725694444444444","0.05"
861,"0.04951388888888889","0.05"
862,"0.05388888888888889","0.05"
863,"0.05046875","0.05"
864,"0.050069444444444444","0.05"
865,"0.05126736111111111","0.05"
866,"0.05098958333333333","0.05"
867,"0.05140625","0.05"
868,"0.05137152777777778","0.05"
869,"0.04809027777777778","0.05"
870,"0.04770833333333333","0.05"
871,"0.047204861111111114","0.05"
872,"0.051423611111111114","0.05"
873,"0.050277777777777775","0.05"
874,"0.049791666666666665","0.05"
875,"0.05220486111111111","0.05"
876,"0.04822916666666666","0.05"
877,"0.049375","0.05"
878,"0.050138888888888886","0.05"
879,"0.05203125","0.05"
880,"0.04951388888888889","0.05"
881,"0.05234375","0.05"
882,"0.04826388888888889","0.05"
883,"0.0478125","0.05"
884,"0.049618055555555554","0.05"
885,"0.05039930555555556","0.05"
886,"0.04807291666666667","0.05"
887,"0.06557291666666666","0.05"
888,"0.06401041666666667","0.05"
889,"0.060381944444444446","0.05"
890,"0.059166666666666666","0.05"
891,"0.05098958333333333","0.05"
892,"0.045086805555555554","0.05"
893,"0.043854166666666666","0.05"
894,"0.053350694444444444","0.05"
895,"0.050763888888888886","0.05"
896,"0.055086805555555556","0.05"
897,"0.052222222222222225","0.05"
898,"0.04640625","0.05"
899,"0.046649305555555555","0.05"
900,"0.04788194444444444","0.05"
901,"0.04883680555555556","0.05"
902,"0.04897569444444445","0.05"
903,"0.05232638888888889","0.05"
904,"0.05140625","0.05"
905,"0.047864583333333335","0.05"
906,"0.050451388888888886","0.05"
907,"0.05071180555555556","0.05"
908,"0.053802083333333334","0.05"
909,"0.056302083333333336","0.05"
910,"0.050520833333333334","0.05"
911,"0.047586805555555556","0.05"
912,"0.04532986111111111","0.05"
913,"0.04703125","0.05"
914,"0.047447916666666666","0.05"
915,"0.050138888888888886","0.05"
916,"0.05862847222222222","0.05"
917,"0.04739583333333333","0.05"
918,"0.04380208333333333","0.05"
919,"0.04760416666666667","0.05"
920,"0.05262152777777778","0.05"
921,"0.052118055555555556","0.05"
922,"0.050104166666666665","0.05"
923,"0.04878472222222222","0.05"
924,"0.04774305555555555","0.05"
925,"0.05328125","0.05"
926,"0.05230902777777778","0.05"
927,"0.04671875","0.05"
928,"0.050416666666666665","0.05"
929,"0.05409722222222222","0.05"
930,"0.04649305555555556","0.05"
931,"0.04432291666666666","0.05"
932,"0.044756944444444446","0.05"
933,"0.05576388888888889","0.05"
934,"0.05769097222222222","0.05"
935,"0.04918402777777778","0.05"
936,"0.047864583333333335","0.05"
937,"0.04888888888888889","0.05"
938,"0.052083333333333336","0.05"
939,"0.05178819444444444","0.05"
940,"0.04802083333333333","0.05"
941,"0.04881944444444444","0.05"
942,"0.055989583333333336","0.05"
943,"0.05538194444444444","0.05"
944,"0.04892361111111111","0.05"
945,"0.04310763888888889","0.05"
946,"0.04088541666666667","0.05"
947,"0.04753472222222222","0.05"
948,"0.047725694444444446","0.05"
949,"0.05421875","0.05"
950,"0.04677083333333333","0.05"
951,"0.052569444444444446","0.05"
952,"0.057291666666666664","0.05"
953,"0.05413194444444445","0.05"
954,"0.04701388888888889","0.05"
955,"0.04534722222222222","0.05"
956,"0.05029513888888889","0.05"
957,"0.04642361111111111","0.05"
958,"0.05291666666666667","0.05"
959,"0.04871527777777778","0.05"
960,"0.05043402777777778","0.05"
961,"0.05342013888888889","0.05"
962,"0.04517361111111111","0.05"
964,"0.05175347222222222","0.05"
967,"0.04220486111111111","0.05"
968,"0.047899305555555556","0.05"
969,"0.05576388888888889","0.05"
970,"0.05564236111111111","0.05"
971,"0.055625","0.05"
972,"0.050104166666666665","0.05"
973,"0.045","0.05"
974,"0.04482638888888889","0.05"
975,"0.05210069444444444","0.05"
976,"0.054878472222222224","0.05"
977,"0.04847222222222222","0.05"
978,"0.04795138888888889","0.05"
979,"0.043472222222222225","0.05"
980,"0.046579861111111114","0.05"
981,"0.054600694444444445","0.05"
982,"0.05192708333333333","0.05"
983,"0.05423611111111111","0.05"
984,"0.04467013888888889","0.05"
985,"0.04694444444444444","0.05"
986,"0.037725694444444444","0.05"
987,"0.04342013888888889","0.05"
988,"0.04645833333333333","0.05"
989,"0.047135416666666666","0.05"
990,"0.04887152777777778","0.05"
991,"0.05232638888888889","0.05"
992,"0.05357638888888889","0.05"
993,"0.049375","0.05"
994,"0.04670138888888889","0.05"
995,"0.050416666666666665","0.05"
996,"0.04782986111111111","0.05"
997,"0.05590277777777778","0.05"
998,"0.05095486111111111","0.05"
999,"0.04690972222222222","0.05"
1000,"0.048541666666666664","0.05"
